Filename,Label
14127.png,0
11396.png,0
14260.png,1
12329.png,1
13412.png,1
14325.png,3
13139.png,1
12743.png,3
14990.png,1
10760.png,1
12867.png,1
13570.png,1
12684.png,1
13612.png,1
12204.png,1
13159.png,2
10188.png,3
11953.png,1
12956.png,1
12139.png,1
12727.png,3
14516.png,3
11572.png,1
11070.png,3
11927.png,1
10107.png,3
13744.png,1
13907.png,3
14555.png,1
12470.png,3
13513.png,1
13964.png,2
11901.png,1
11711.png,1
10696.png,1
11506.png,1
14202.png,1
13767.png,1
13009.png,2
14348.png,3
10124.png,1
13691.png,1
10316.png,1
11246.png,3
14502.png,1
13679.png,3
13556.png,1
14750.png,1
14993.png,1
11695.png,3
10106.png,0
13018.png,0
12631.png,1
11196.png,1
10496.png,1
13908.png,1
13644.png,3
13314.png,3
13337.png,3
10149.png,1
13696.png,3
10563.png,1
13235.png,3
11208.png,1
10163.png,1
10628.png,1
12757.png,3
11970.png,3
13822.png,1
13385.png,3
10272.png,3
13281.png,3
10062.png,1
10054.png,1
12356.png,1
14037.png,3
13398.png,1
10493.png,3
12876.png,1
11549.png,1
13812.png,1
10759.png,3
12429.png,3
11659.png,3
10104.png,1
13578.png,1
11822.png,3
14686.png,1
13404.png,3
12381.png,3
11766.png,3
12490.png,3
14022.png,3
14212.png,0
10626.png,3
12056.png,3
13521.png,3
11006.png,1
12412.png,2
14702.png,3
10299.png,2
13416.png,2
14173.png,3
12468.png,3
10797.png,3
10874.png,1
10897.png,3
11251.png,1
12022.png,3
14703.png,3
12525.png,1
12032.png,3
10972.png,1
10501.png,3
10829.png,1
12105.png,3
10799.png,1
13952.png,3
13054.png,1
11874.png,1
12004.png,3
14448.png,1
13690.png,1
14395.png,1
14490.png,1
14236.png,3
13482.png,3
12034.png,0
12305.png,1
14743.png,1
11322.png,1
11457.png,3
12920.png,3
10597.png,1
14404.png,3
11545.png,2
11617.png,1
13638.png,1
14801.png,1
11460.png,1
12177.png,3
11482.png,3
13078.png,3
13709.png,1
11780.png,1
10213.png,1
13824.png,0
12348.png,2
12508.png,1
10464.png,0
14756.png,1
10466.png,1
11100.png,1
10920.png,3
13514.png,1
11176.png,1
10942.png,0
13961.png,3
13826.png,1
12261.png,1
10547.png,1
11437.png,0
11765.png,1
12451.png,3
13526.png,1
10713.png,1
11454.png,0
10492.png,0
15004.png,3
12267.png,1
12855.png,1
10167.png,1
13380.png,0
12724.png,1
13976.png,1
14813.png,1
14589.png,1
12748.png,1
13594.png,3
10483.png,1
14642.png,1
13643.png,1
10431.png,1
14944.png,1
14826.png,0
11884.png,1
11034.png,3
11275.png,1
10481.png,3
11938.png,1
14320.png,1
10728.png,3
13053.png,3
10198.png,1
14719.png,1
12699.png,3
13748.png,1
12516.png,3
14579.png,3
13443.png,3
14921.png,1
14759.png,2
14825.png,2
11845.png,1
15018.png,1
13547.png,1
12651.png,3
14416.png,3
13286.png,1
12922.png,1
12385.png,2
14650.png,3
11860.png,3
10784.png,2
13664.png,1
11135.png,0
13546.png,3
13960.png,3
14394.png,2
12760.png,2
14134.png,3
11213.png,1
14157.png,1
12467.png,3
10977.png,3
11393.png,0
11003.png,3
10345.png,3
12320.png,1
10215.png,1
13290.png,3
12125.png,3
13308.png,2
12899.png,1
10612.png,3
10544.png,1
12983.png,0
14715.png,1
13085.png,1
15017.png,1
14151.png,3
11914.png,1
12697.png,3
14972.png,1
12254.png,3
13155.png,1
12889.png,1
12574.png,3
10301.png,3
10841.png,1
10016.png,1
12590.png,2
13244.png,2
11130.png,3
14612.png,3
14338.png,3
14791.png,3
10077.png,3
10551.png,3
12872.png,3
10446.png,3
11258.png,2
12642.png,2
14525.png,1
12235.png,3
14653.png,3
14287.png,1
10830.png,1
11217.png,2
14892.png,1
13605.png,1
14340.png,3
13676.png,0
13183.png,2
13731.png,3
13548.png,3
12554.png,3
14926.png,1
14342.png,3
14295.png,1
11369.png,1
10896.png,3
11621.png,3
11691.png,1
14805.png,3
11758.png,1
12077.png,1
13375.png,3
11672.png,1
13858.png,1
10443.png,1
13839.png,2
12869.png,1
14074.png,1
12376.png,1
14034.png,1
13756.png,1
11625.png,1
12248.png,3
12051.png,1
10083.png,1
12656.png,3
12547.png,3
13418.png,3
11542.png,1
11388.png,3
13202.png,1
10288.png,1
10926.png,1
14907.png,1
12655.png,3
12721.png,1
12366.png,0
12971.png,1
12779.png,3
12117.png,2
10170.png,3
14868.png,0
12202.png,1
13806.png,0
12620.png,1
13833.png,1
12346.png,3
12107.png,1
13994.png,1
11851.png,1
11773.png,3
14460.png,3
13832.png,1
14468.png,1
15000.png,3
12294.png,3
13226.png,1
13099.png,1
14088.png,1
12499.png,3
12575.png,3
14488.png,3
10171.png,1
13982.png,3
10860.png,3
13201.png,3
11779.png,3
14535.png,1
10261.png,3
13449.png,1
12938.png,2
11787.png,1
12276.png,3
13477.png,3
11864.png,3
12270.png,1
11913.png,3
12493.png,1
14376.png,2
12884.png,1
12745.png,2
12671.png,3
12351.png,2
11236.png,3
12687.png,1
13697.png,1
14588.png,3
10865.png,3
10082.png,3
12957.png,1
14812.png,1
10437.png,3
14061.png,1
12492.png,1
11810.png,3
14965.png,1
14765.png,1
11999.png,3
11543.png,3
14176.png,3
11500.png,3
11160.png,1
11536.png,1
13956.png,1
14421.png,1
12625.png,1
10468.png,1
12197.png,3
10884.png,3
13001.png,3
14558.png,1
14474.png,3
11618.png,3
15038.png,1
12205.png,2
10840.png,3
14143.png,0
13275.png,1
14225.png,1
11475.png,1
12111.png,3
11578.png,1
12658.png,1
13592.png,0
14232.png,1
10279.png,3
10877.png,1
10408.png,1
11305.png,2
14924.png,2
13112.png,3
11079.png,1
14155.png,1
14661.png,1
10653.png,2
12714.png,1
11444.png,1
12319.png,1
10695.png,3
14955.png,3
13315.png,1
10023.png,1
13051.png,1
12977.png,1
11719.png,1
13458.png,1
11073.png,1
14643.png,3
10639.png,1
12873.png,1
12357.png,3
12897.png,2
10094.png,3
13942.png,1
11641.png,1
12608.png,1
12693.png,1
13658.png,3
12059.png,2
15019.png,3
14012.png,3
13686.png,3
10912.png,3
12558.png,1
11240.png,1
11395.png,3
14679.png,1
12023.png,1
14861.png,1
12615.png,1
10691.png,1
14393.png,3
14684.png,3
15002.png,2
11598.png,2
13200.png,0
13382.png,0
14455.png,1
10856.png,1
12435.png,1
10442.png,1
13492.png,1
12286.png,1
11586.png,3
10978.png,1
10230.png,1
12012.png,3
12487.png,1
13188.png,3
12219.png,2
14095.png,2
12604.png,1
13368.png,1
13463.png,1
13468.png,3
14253.png,1
14676.png,3
10637.png,1
14035.png,2
10580.png,1
13758.png,3
11751.png,2
12847.png,0
10541.png,1
10255.png,3
13464.png,1
12322.png,3
11469.png,3
13437.png,1
11282.png,3
11533.png,1
12500.png,1
14445.png,3
11724.png,3
13253.png,2
14467.png,0
14470.png,1
10656.png,3
14536.png,2
13811.png,3
12076.png,1
14306.png,3
14948.png,1
11232.png,1
12883.png,1
10324.png,3
11493.png,1
14201.png,1
10424.png,1
12702.png,1
11749.png,2
11829.png,1
14175.png,3
14209.png,3
14614.png,1
10512.png,2
11973.png,1
14288.png,2
12246.png,1
10583.png,3
14464.png,3
13536.png,1
11177.png,3
14369.png,1
13180.png,3
14083.png,2
14721.png,0
10434.png,1
13149.png,1
13400.png,1
11063.png,1
12917.png,3
14199.png,3
14540.png,3
10066.png,0
14547.png,3
10573.png,1
13240.png,1
14675.png,1
13634.png,3
13174.png,1
13629.png,1
11605.png,3
12881.png,1
15027.png,1
11296.png,1
12504.png,1
12112.png,3
10321.png,1
13675.png,1
11792.png,1
10634.png,1
12087.png,1
13029.png,3
10661.png,3
13831.png,2
11856.png,3
12950.png,1
10137.png,3
13481.png,1
14929.png,1
12203.png,2
12244.png,1
12321.png,1
12148.png,1
14477.png,1
11012.png,1
11417.png,2
10311.png,0
13996.png,3
11582.png,3
13683.png,0
13873.png,1
14053.png,1
10902.png,1
11418.png,3
10147.png,3
11360.png,1
12716.png,1
10498.png,2
11767.png,1
14104.png,0
11290.png,1
13622.png,2
11882.png,1
11658.png,1
14724.png,1
11678.png,1
14621.png,3
13255.png,1
14341.png,1
13955.png,1
10482.png,1
14291.png,3
10427.png,3
14222.png,3
12471.png,1
12926.png,1
13448.png,1
11903.png,1
12965.png,0
10636.png,3
13837.png,1
12805.png,3
13933.png,1
12324.png,3
13008.png,3
14132.png,1
10121.png,3
13388.png,1
14435.png,1
14487.png,2
13606.png,3
11406.png,1
11167.png,1
13408.png,3
13825.png,1
13256.png,1
12229.png,1
11836.png,3
14399.png,2
11427.png,3
11557.png,1
11346.png,1
11090.png,1
11402.png,1
12670.png,3
12446.png,3
13383.png,3
13528.png,1
11439.png,3
13058.png,3
11531.png,1
10480.png,1
12196.png,1
13902.png,3
13379.png,3
12680.png,1
13795.png,1
14429.png,1
12391.png,1
13843.png,2
14840.png,3
14360.png,1
12280.png,1
10939.png,0
13735.png,1
14285.png,3
13238.png,3
13169.png,3
13165.png,2
14308.png,1
14660.png,2
12649.png,1
14978.png,3
10086.png,3
14028.png,3
10546.png,1
12726.png,1
11413.png,3
11389.png,1
12674.png,3
14578.png,1
11324.png,1
13910.png,3
14821.png,3
13436.png,1
14553.png,1
13270.png,1
10674.png,0
14329.png,3
11546.png,3
10135.png,1
12572.png,1
11907.png,1
12677.png,3
13217.png,1
12600.png,3
12251.png,3
12149.png,1
14912.png,2
11337.png,1
11708.png,3
12890.png,1
12302.png,3
14641.png,1
10178.png,1
12236.png,2
14938.png,3
11638.png,2
11877.png,3
14700.png,1
12279.png,1
13953.png,1
11764.png,3
14767.png,3
14999.png,3
11484.png,3
12386.png,1
13073.png,1
11627.png,1
14005.png,1
10366.png,3
13820.png,2
14138.png,2
11846.png,3
10665.png,3
10040.png,1
14397.png,1
10440.png,1
13619.png,1
13901.png,1
12811.png,1
13659.png,1
13156.png,1
11347.png,3
12373.png,1
11185.png,1
13123.png,3
11377.png,1
14263.png,3
12913.png,3
14713.png,1
11025.png,1
13084.png,3
10502.png,1
10855.png,2
11200.png,1
10924.png,3
13496.png,3
10987.png,2
13271.png,0
11532.png,1
11184.png,3
14018.png,1
10233.png,3
14698.png,3
13899.png,3
10335.png,1
12944.png,3
11267.png,1
14775.png,1
10806.png,0
14988.png,3
13326.png,1
12877.png,3
11701.png,0
11707.png,3
10376.png,1
14897.png,3
11768.png,1
11423.png,1
13906.png,1
13796.png,3
13266.png,3
14275.png,3
14386.png,2
13575.png,1
10280.png,3
13092.png,1
10370.png,1
12672.png,3
12896.png,1
10528.png,1
12310.png,1
12307.png,1
14245.png,1
13711.png,3
10022.png,1
11971.png,3
11606.png,3
12628.png,3
11243.png,1
10465.png,1
14668.png,0
10343.png,1
10998.png,0
12570.png,3
11383.png,0
14424.png,1
12958.png,3
11394.png,1
10708.png,1
10722.png,3
10688.png,1
11015.png,2
11451.png,3
14930.png,3
14616.png,3
10811.png,1
12496.png,1
12410.png,3
10894.png,1
13560.png,3
12479.png,1
12378.png,3
10035.png,1
10802.png,1
14130.png,3
14884.png,1
11044.png,3
13285.png,3
13763.png,1
11448.png,1
10616.png,3
11365.png,3
13248.png,3
11364.png,1
14562.png,3
13916.png,1
12247.png,0
13890.png,3
11313.png,1
11945.png,3
12668.png,1
10762.png,3
13977.png,1
10834.png,3
11103.png,1
14755.png,3
10891.png,1
11612.png,1
11941.png,3
14697.png,3
15037.png,1
12436.png,0
14286.png,0
13985.png,0
13405.png,2
12850.png,1
11170.png,2
14006.png,1
13628.png,1
14450.png,3
12911.png,1
13022.png,3
11743.png,1
11270.png,1
10742.png,3
13500.png,1
14649.png,3
13580.png,1
11036.png,1
10997.png,1
12431.png,3
14154.png,3
13036.png,2
14398.png,1
10533.png,2
11152.png,1
14089.png,1
11334.png,0
12923.png,3
12539.png,3
11671.png,3
10194.png,1
13790.png,1
13104.png,1
12223.png,1
11433.png,1
13184.png,3
12450.png,2
12415.png,3
11808.png,1
13740.png,3
13215.png,1
10090.png,3
12239.png,3
11226.png,3
10540.png,1
11297.png,1
12128.png,1
14817.png,1
13378.png,1
10096.png,3
10741.png,1
15039.png,0
11885.png,1
11265.png,1
10614.png,3
10226.png,0
13050.png,3
13963.png,1
14576.png,3
10915.png,3
10647.png,3
12999.png,1
10457.png,3
14514.png,1
15013.png,3
12746.png,1
10985.png,3
10872.png,3
11483.png,1
12383.png,3
12284.png,1
10929.png,1
14163.png,3
14008.png,3
10378.png,1
13137.png,3
11722.png,3
13523.png,1
12157.png,3
14891.png,1
11502.png,1
10768.png,1
11818.png,3
11157.png,3
12932.png,1
13685.png,1
13417.png,1
13321.png,1
13743.png,3
10599.png,1
14080.png,2
13610.png,1
14248.png,1
14877.png,3
12834.png,1
14428.png,1
12344.png,1
10322.png,1
10737.png,3
14509.png,3
13040.png,1
11524.png,3
12347.png,1
10731.png,2
10209.png,1
14292.png,3
10059.png,3
13581.png,2
13466.png,1
10297.png,0
12482.png,0
14970.png,0
14774.png,1
10374.png,1
13759.png,1
14873.png,1
14052.png,1
11623.png,3
11111.png,1
12393.png,1
12263.png,3
12463.png,3
14611.png,1
10553.png,1
14243.png,1
12033.png,1
10399.png,3
13954.png,2
10243.png,0
10210.png,0
10139.png,1
11869.png,2
12661.png,1
14951.png,3
10809.png,1
14167.png,1
12534.png,1
13789.png,1
10160.png,1
11467.png,3
11660.png,1
12093.png,1
10225.png,1
11667.png,2
11211.png,3
12006.png,3
12960.png,3
14778.png,0
11652.png,3
11807.png,2
12444.png,1
13473.png,1
10294.png,3
11405.png,3
13912.png,3
10743.png,1
12144.png,1
11513.png,3
12013.png,1
12153.png,1
13086.png,1
11834.png,3
14582.png,1
13648.png,3
12560.png,3
14357.png,3
13381.png,3
11256.png,1
10009.png,2
13349.png,3
13712.png,1
14689.png,1
10315.png,1
11853.png,1
10475.png,1
12054.png,1
14843.png,3
10296.png,1
13855.png,3
12138.png,1
14584.png,1
14277.png,1
11030.png,1
10778.png,1
10938.png,1
10411.png,2
10622.png,3
12048.png,1
12764.png,1
14279.png,1
10141.png,2
13729.png,1
11843.png,3
13439.png,3
13132.png,3
13210.png,1
12821.png,3
12293.png,2
10868.png,1
12041.png,1
14379.png,3
14214.png,3
11529.png,1
14044.png,1
12814.png,3
14289.png,3
14321.png,1
10663.png,1
12738.png,1
10565.png,3
11430.png,3
14077.png,3
10351.png,3
11150.png,2
12384.png,1
14449.png,1
13348.png,1
12461.png,0
12934.png,1
11757.png,1
10300.png,1
12964.png,1
14129.png,1
12997.png,1
12735.png,1
11106.png,1
13720.png,3
13671.png,1
13716.png,2
12091.png,3
13329.png,1
13422.png,0
13883.png,3
10621.png,1
12323.png,1
12191.png,3
10789.png,1
14309.png,3
14829.png,3
11974.png,3
13069.png,1
14701.png,3
10812.png,2
11675.png,1
10112.png,1
12962.png,1
13879.png,1
10620.png,2
10670.png,1
14506.png,1
14391.png,1
10991.png,1
10119.png,1
14746.png,1
12824.png,3
13650.png,1
13295.png,3
14266.png,1
14427.png,1
12044.png,3
13900.png,1
10615.png,3
10051.png,2
11696.png,3
11566.png,3
12857.png,3
12634.png,1
13206.png,3
11498.png,1
14933.png,1
10867.png,1
13997.png,1
10467.png,2
11212.png,1
13710.png,3
12330.png,1
10318.png,3
11573.png,3
13498.png,1
13646.png,1
13076.png,1
12803.png,1
12792.png,1
13815.png,1
12184.png,3
10091.png,3
10957.png,1
14114.png,1
11607.png,1
12433.png,1
12618.png,3
13518.png,1
11264.png,3
12736.png,1
10358.png,3
13287.png,1
14677.png,0
10285.png,3
14857.png,1
14117.png,0
11661.png,3
12073.png,2
13384.png,1
13273.png,1
11020.png,1
10794.png,1
10065.png,1
10548.png,1
11898.png,1
14739.png,1
14896.png,3
14761.png,3
10126.png,1
12843.png,1
10348.png,3
11245.png,1
12517.png,1
13503.png,3
14956.png,2
13502.png,1
11021.png,1
11156.png,1
14110.png,3
14239.png,3
14491.png,1
15020.png,1
14219.png,3
12069.png,3
14777.png,1
11887.png,3
14768.png,1
13346.png,3
11428.png,1
11713.png,1
10013.png,1
11802.png,3
10557.png,3
13446.png,0
11556.png,1
11107.png,1
14632.png,1
12523.png,3
11390.png,3
10956.png,1
10558.png,3
11583.png,1
10093.png,1
11031.png,3
11306.png,3
10959.png,0
14928.png,3
13888.png,1
11214.png,1
10988.png,1
11035.png,3
10881.png,3
11343.png,3
10808.png,1
12423.png,1
14943.png,1
11188.png,1
13038.png,2
10414.png,3
14036.png,0
11611.png,1
12910.png,3
14631.png,3
11468.png,1
12982.png,0
13655.png,3
12457.png,1
14459.png,2
14123.png,1
10425.png,1
11485.png,2
10422.png,1
11740.png,1
13323.png,3
12713.png,3
11168.png,1
11489.png,1
14031.png,1
13798.png,3
14515.png,1
11720.png,1
10712.png,0
13752.png,3
12758.png,1
12058.png,1
10485.png,1
13469.png,3
13770.png,1
10958.png,3
14262.png,1
14373.png,1
12804.png,3
14526.png,3
13306.png,1
13844.png,3
14027.png,3
12061.png,1
10026.png,1
10698.png,1
12259.png,3
12503.png,3
13229.png,3
13344.png,1
13886.png,3
14838.png,2
13998.png,3
13792.png,1
11181.png,3
13971.png,1
12780.png,1
12544.png,3
13786.png,1
15035.png,1
12169.png,1
14622.png,1
14396.png,3
11239.png,0
13291.png,1
12701.png,1
14949.png,1
12733.png,1
10517.png,0
12502.png,1
11050.png,3
14733.png,1
13472.png,1
10716.png,1
13567.png,3
13087.png,1
13943.png,3
12681.png,0
10461.png,3
13817.png,3
10456.png,3
12892.png,1
11872.png,1
13765.png,3
13714.png,1
14493.png,3
14147.png,0
10256.png,3
14483.png,1
10038.png,3
12016.png,1
12264.png,0
13257.png,2
13692.png,3
12903.png,3
14748.png,3
12868.png,1
12292.png,0
10538.png,1
11209.png,3
11492.png,3
13426.png,3
14645.png,1
12669.png,1
10138.png,3
10017.png,1
10570.png,1
13147.png,3
11327.png,1
12343.png,3
11673.png,3
13876.png,1
12949.png,2
12506.png,1
11102.png,1
10635.png,2
12513.png,2
11863.png,3
11832.png,0
13695.png,1
12099.png,3
10705.png,2
11071.png,1
11099.png,3
14111.png,3
13328.png,0
11811.png,3
13423.png,3
10893.png,1
14159.png,3
11391.png,1
14116.png,1
10037.png,3
11831.png,1
14704.png,1
14587.png,1
10908.png,3
11915.png,3
14651.png,3
12895.png,2
14235.png,1
12113.png,1
12201.png,3
13114.png,2
10532.png,3
11466.png,1
13920.png,1
12312.png,3
14786.png,1
11371.png,3
11443.png,3
12441.png,1
10143.png,2
12995.png,1
11732.png,3
13949.png,1
11602.png,1
11187.png,1
10654.png,1
14828.png,3
14451.png,1
10918.png,3
12742.png,1
12830.png,1
15003.png,3
12729.png,2
11893.png,1
12156.png,3
11615.png,1
10765.png,3
11193.png,1
13918.png,1
10962.png,1
10756.png,1
11728.png,3
12915.png,3
14255.png,1
14368.png,1
10489.png,3
10254.png,0
12666.png,3
12705.png,3
11378.png,3
10002.png,3
14158.png,3
14781.png,1
13545.png,2
13978.png,3
14187.png,2
13129.png,1
10193.png,3
11960.png,2
10779.png,3
12211.png,3
11207.png,1
10111.png,1
12813.png,1
11746.png,3
10353.png,3
12637.png,2
11827.png,2
10979.png,3
10341.png,0
14032.png,3
10790.png,3
11201.png,2
14947.png,1
11164.png,2
12160.png,1
11399.png,0
10534.png,1
11687.png,1
11078.png,1
13771.png,1
12189.png,1
10008.png,1
14115.png,3
10365.png,1
12974.png,1
11415.png,0
12979.png,2
13442.png,1
12266.png,0
12370.png,1
14447.png,1
10302.png,1
13391.png,1
11009.png,2
12795.png,3
12622.png,1
13673.png,1
11179.png,1
10211.png,2
11551.png,3
11699.png,1
11462.png,1
10421.png,3
12104.png,1
14789.png,3
10672.png,3
13882.png,1
11516.png,3
12667.png,1
13872.png,1
12641.png,1
10042.png,1
10236.png,3
13067.png,1
12882.png,3
11316.png,1
12816.png,0
10632.png,1
14976.png,2
13563.png,3
12818.png,3
12785.png,1
11362.png,1
11604.png,3
10081.png,3
13938.png,2
13487.png,0
14923.png,1
10045.png,3
11789.png,3
14330.png,1
12159.png,1
13973.png,1
10451.png,2
14638.png,1
10971.png,2
13251.png,1
11330.png,1
11058.png,1
12763.png,3
11592.png,1
14224.png,1
12018.png,0
11095.png,3
13723.png,1
11795.png,0
10633.png,3
11790.png,0
12799.png,1
10418.png,3
14076.png,1
12831.png,3
10113.png,1
10309.png,1
13793.png,3
13788.png,3
10610.png,1
14420.png,3
10831.png,1
13249.png,1
12576.png,3
10677.png,3
12597.png,3
10571.png,2
10347.png,3
13144.png,1
10804.png,3
10216.png,1
14168.png,1
13151.png,1
13015.png,1
10763.png,1
14352.png,2
12225.png,1
11565.png,3
11175.png,1
14432.png,1
11220.png,3
11681.png,2
13209.png,1
13728.png,1
13031.png,1
14065.png,1
13075.png,3
13875.png,1
11017.png,1
10274.png,3
11563.png,1
13868.png,3
11453.png,3
12609.png,3
14441.png,1
11139.png,3
11800.png,1
10913.png,3
14355.png,1
14485.png,1
13333.png,1
11554.png,1
13962.png,1
13160.png,3
12704.png,1
12586.png,1
13213.png,1
12368.png,1
12627.png,1
10611.png,3
10655.png,1
12536.png,1
12150.png,3
13616.png,3
14380.png,3
11912.png,3
13799.png,3
14563.png,1
14916.png,3
13499.png,2
14299.png,0
14960.png,1
11307.png,2
11287.png,1
11155.png,1
14915.png,1
12364.png,3
12481.png,3
13585.png,2
14304.png,1
12711.png,1
10576.png,3
13540.png,3
12908.png,3
11597.png,1
11762.png,1
14994.png,2
10413.png,3
13319.png,3
10338.png,1
10101.png,3
11824.png,2
13550.png,1
12992.png,1
13239.png,1
14440.png,3
13493.png,3
13189.png,1
14899.png,3
14934.png,3
14452.png,1
13107.png,1
14575.png,1
13828.png,1
12304.png,1
10941.png,1
12621.png,3
10447.png,1
13505.png,3
11534.png,1
14324.png,1
13724.png,2
13014.png,1
11679.png,3
13778.png,1
10752.png,1
12501.png,1
11735.png,1
13777.png,1
14068.png,3
10369.png,2
14680.png,2
12601.png,1
12240.png,3
11499.png,3
13484.png,1
14136.png,1
11189.png,3
14980.png,1
13246.png,1
12026.png,3
11368.png,3
12906.png,3
12581.png,2
13441.png,3
13224.png,2
15007.png,1
12256.png,3
11803.png,2
12602.png,1
13354.png,1
12331.png,3
13733.png,1
10436.png,2
11966.png,1
14798.png,1
13299.png,3
14048.png,3
12935.png,3
13467.png,3
14889.png,3
10703.png,1
14267.png,1
14066.png,3
11718.png,3
12619.png,1
13227.png,1
13237.png,3
14387.png,1
12996.png,3
13013.png,3
10249.png,1
10060.png,1
11047.png,1
12362.png,3
12879.png,3
12494.png,1
14149.png,1
12361.png,1
12485.png,3
12583.png,3
14378.png,1
14310.png,1
12531.png,1
11163.png,1
14425.png,2
13033.png,3
13455.png,1
10242.png,1
14664.png,3
12218.png,2
14581.png,3
14914.png,1
13425.png,2
13510.png,3
11530.png,3
13341.png,1
11731.png,1
14019.png,3
12185.png,1
11422.png,3
10154.png,1
11847.png,1
14860.png,0
14527.png,3
11254.png,3
12066.png,3
14850.png,3
12595.png,1
12751.png,1
10432.png,1
11700.png,3
11515.png,1
10787.png,2
14082.png,1
10448.png,0
14109.png,3
10459.png,1
13802.png,1
10115.png,1
10740.png,1
12880.png,3
11161.png,3
10505.png,3
12408.png,3
12652.png,1
13026.png,3
13734.png,2
10270.png,3
11949.png,1
11567.png,1
12151.png,3
13787.png,1
10507.png,1
14366.png,0
14358.png,0
10264.png,1
10827.png,1
13138.png,3
10859.png,3
10159.png,3
10578.png,1
12234.png,1
10036.png,1
10259.png,3
11957.png,3
10922.png,1
13035.png,1
12812.png,1
11298.png,3
14879.png,3
10134.png,2
11580.png,0
10786.png,1
14927.png,3
14013.png,1
14870.png,2
10130.png,1
10006.png,3
10838.png,1
14351.png,1
12931.png,3
13632.png,3
11769.png,1
10179.png,1
13867.png,1
14075.png,1
11407.png,1
12015.png,2
12688.png,1
11401.png,0
14696.png,3
11838.png,2
13219.png,1
14811.png,1
14336.png,1
12309.png,3
14257.png,3
14153.png,3
11081.png,1
11386.png,3
12807.png,2
13415.png,3
13647.png,1
10491.png,3
10624.png,3
12607.png,1
13399.png,1
11904.png,3
14030.png,3
11291.png,1
13171.png,3
14833.png,3
13951.png,3
11007.png,3
11761.png,3
11788.png,1
14844.png,1
12474.png,2
11434.png,1
13307.png,1
10435.png,2
10186.png,1
13221.png,3
14627.png,3
14414.png,1
13450.png,3
10069.png,3
10185.png,1
13630.png,1
10463.png,1
12326.png,0
12806.png,2
10702.png,1
14824.png,0
12141.png,1
12283.png,3
14145.png,3
14809.png,1
10277.png,2
12988.png,1
14669.png,3
11128.png,1
14818.png,2
14069.png,1
12606.png,1
14283.png,1
11889.png,3
13980.png,1
11053.png,1
10206.png,1
10559.png,1
10373.png,3
10330.png,1
13753.png,3
12817.png,0
13389.png,1
10433.png,3
10954.png,0
10344.png,1
10208.png,3
13274.png,1
12428.png,3
10495.png,3
12095.png,2
12180.png,1
12710.png,1
10257.png,1
14251.png,1
13088.png,3
11577.png,1
10458.png,1
14961.png,1
13457.png,1
11813.png,1
10960.png,1
13105.png,1
11828.png,1
10047.png,3
14936.png,2
11332.png,3
13199.png,1
13717.png,3
12136.png,3
10377.png,3
13231.png,1
13893.png,3
14841.png,1
11727.png,1
13023.png,1
10253.png,0
14654.png,3
11588.png,3
14866.png,1
12438.png,1
13108.png,1
14192.png,1
11752.png,3
10823.png,3
11518.png,2
12662.png,3
12524.png,1
14967.png,2
14983.png,3
13012.png,1
12755.png,3
12193.png,1
11963.png,3
10076.png,0
14542.png,2
13814.png,3
11997.png,2
10631.png,2
13861.png,3
12837.png,3
12464.png,1
11736.png,3
11409.png,1
13894.png,0
14571.png,0
12645.png,1
11759.png,1
13946.png,1
14717.png,1
14557.png,0
14282.png,1
14793.png,1
11067.png,1
14657.png,3
12226.png,3
13651.png,1
12411.png,2
10396.png,3
14591.png,1
10623.png,3
11854.png,1
14596.png,3
12405.png,1
10150.png,1
13095.png,3
11520.png,2
12406.png,1
11010.png,2
14186.png,2
11712.png,3
10564.png,3
11263.png,3
11861.png,3
10205.png,1
13623.png,1
14865.png,3
13874.png,2
13163.png,3
13081.png,3
11026.png,2
11470.png,1
10536.png,1
14106.png,3
12854.png,3
11850.png,3
14045.png,1
14814.png,1
10720.png,1
11558.png,0
11857.png,3
12407.png,3
11665.png,3
10084.png,3
14218.png,3
11323.png,3
12894.png,3
12039.png,1
13553.png,1
14753.png,1
14906.png,3
12827.png,1
12278.png,3
12085.png,1
14093.png,0
10019.png,3
10371.png,3
11694.png,1
11544.png,1
11231.png,3
13082.png,1
14244.png,3
11723.png,1
11438.png,2
11005.png,1
10901.png,2
13688.png,1
12465.png,1
13804.png,1
12846.png,3
10848.png,3
13413.png,1
12682.png,3
14426.png,3
13745.png,3
10157.png,1
12870.png,1
14359.png,1
13212.png,1
11241.png,2
13993.png,2
11756.png,1
13850.png,3
10334.png,1
11996.png,1
12365.png,1
10788.png,3
14659.png,1
10131.png,2
11049.png,3
11754.png,3
11486.png,1
13741.png,3
14099.png,3
13937.png,3
12260.png,3
11352.png,0
12584.png,3
13282.png,0
14247.png,3
11539.png,1
11234.png,0
13178.png,3
14221.png,1
14902.png,1
10403.png,1
10140.png,1
13944.png,1
12146.png,1
11589.png,1
12976.png,3
14363.png,1
10606.png,1
11375.png,1
10982.png,2
12281.png,2
10223.png,1
13113.png,1
10782.png,3
11778.png,3
11685.png,3
14853.png,1
14512.png,3
10218.png,1
10828.png,3
11074.png,1
13041.png,3
14016.png,3
13565.png,2
13532.png,1
12629.png,3
14265.png,1
11599.png,1
14390.png,3
10234.png,1
10452.png,1
13343.png,1
13866.png,3
11411.png,1
11632.png,1
10598.png,1
12484.png,2
12258.png,1
14633.png,1
14773.png,1
11359.png,3
13070.png,1
12921.png,3
12948.png,3
11341.png,1
14388.png,3
10561.png,3
11982.png,1
13807.png,3
10539.png,2
11259.png,1
10593.png,1
14554.png,3
14331.png,3
13359.png,1
11568.png,0
14545.png,3
14197.png,3
12985.png,3
14665.png,1
13055.png,1
14183.png,3
12519.png,3
12257.png,1
12488.png,1
14734.png,3
11992.png,1
14888.png,1
13862.png,1
13465.png,3
11122.png,3
14264.png,1
12739.png,2
10224.png,1
12250.png,0
12750.png,1
10070.png,3
14695.png,0
14740.png,3
11192.png,3
10056.png,1
11956.png,3
13452.png,1
10734.png,1
10473.png,0
12793.png,3
10966.png,3
14213.png,3
12081.png,1
14723.png,1
11777.png,1
13909.png,1
14807.png,3
12224.png,3
12046.png,1
12783.png,1
11654.png,1
10286.png,3
13445.png,2
11972.png,1
13511.png,1
10043.png,1
12989.png,1
12942.png,1
14619.png,3
14718.png,3
12080.png,1
13507.png,2
14637.png,3
10588.png,3
10928.png,0
14504.png,1
10327.png,3
10031.png,1
10367.png,3
12460.png,1
11894.png,1
14413.png,3
13128.png,3
10772.png,1
13039.png,1
11989.png,1
13371.png,3
11292.png,2
12440.png,1
11624.png,0
13816.png,1
14757.png,3
11830.png,1
14273.png,2
11059.png,1
12546.png,1
11962.png,1
12545.png,1
11508.png,0
12221.png,1
14126.png,3
12306.png,1
14904.png,1
13779.png,3
14772.png,3
10810.png,3
11056.png,1
11507.png,3
10629.png,3
11883.png,1
14131.png,1
12297.png,1
12154.png,1
14998.png,3
11564.png,1
11210.png,1
14754.png,1
12808.png,1
10258.png,1
11132.png,0
12885.png,1
15021.png,3
11922.png,3
14156.png,3
11238.png,1
10500.png,3
14751.png,3
13736.png,3
13640.png,3
12173.png,3
13701.png,1
15025.png,3
11125.png,1
12828.png,3
13914.png,1
14003.png,0
13195.png,0
14343.png,3
12360.png,1
13045.png,1
14583.png,1
11403.png,2
10904.png,1
13542.png,1
12447.png,3
10320.png,1
10240.png,3
12654.png,1
12756.png,0
13182.png,1
13904.png,1
12142.png,1
14161.png,1
13325.png,1
13856.png,3
14736.png,3
11113.png,3
12929.png,3
14276.png,1
12040.png,1
10269.png,1
14565.png,1
13891.png,1
15026.png,0
13928.png,1
12838.png,3
12635.png,1
14011.png,1
13043.png,1
14217.png,1
11984.png,3
14362.png,1
10003.png,2
14086.png,0
11092.png,3
14371.png,1
14179.png,3
14901.png,3
15029.png,1
11348.png,1
10397.png,1
13869.png,0
12195.png,3
12079.png,1
11370.png,3
13810.png,0
14498.png,1
11902.png,1
10212.png,3
10776.png,3
11363.png,1
10391.png,3
11117.png,1
13230.png,1
10125.png,3
13923.png,3
10673.png,3
10204.png,3
10172.png,1
11741.png,2
14625.png,1
12003.png,1
12925.png,3
13289.png,1
14233.png,1
14939.png,1
10020.png,3
10775.png,3
12227.png,1
12192.png,1
12567.png,3
12333.png,1
10494.png,1
13637.png,3
12288.png,1
13332.png,3
11519.png,1
11295.png,3
11384.png,3
10651.png,1
10232.png,3
12187.png,1
14935.png,3
13738.png,0
12708.png,1
13871.png,1
13077.png,1
11119.png,3
14864.png,3
13905.png,0
14758.png,3
13706.png,2
15010.png,1
10363.png,3
14026.png,3
12543.png,3
12174.png,3
13840.png,1
10048.png,0
11820.png,1
10416.png,0
11277.png,1
11881.png,1
13988.png,1
14020.png,3
14796.png,1
14894.png,3
13742.png,3
12732.png,1
12389.png,1
11776.png,1
10214.png,3
11333.png,1
13877.png,3
14482.png,1
11458.png,3
11408.png,1
13917.png,1
13133.png,3
13111.png,1
12723.png,1
11637.png,0
11946.png,1
14646.png,3
11366.png,1
14971.png,3
11199.png,3
12852.png,3
10774.png,0
10769.png,1
14041.png,3
12311.png,3
11126.png,1
14522.png,3
12794.png,3
10001.png,3
12317.png,1
11465.png,1
10161.png,3
13234.png,3
13838.png,1
14574.png,1
11464.png,3
12132.png,3
13191.png,1
12005.png,1
13854.png,1
14787.png,1
10821.png,0
12217.png,1
10568.png,1
11309.png,3
11650.png,1
14472.png,1
10445.png,3
11859.png,1
10577.png,1
12369.png,0
12718.png,1
14401.png,1
13089.png,1
11862.png,3
12973.png,3
13049.png,3
14764.png,3
10975.png,1
12327.png,3
12206.png,1
11137.png,1
13363.png,0
13030.png,3
14827.png,1
10853.png,1
14305.png,1
12955.png,3
14737.png,1
12905.png,1
13535.png,3
12396.png,1
13130.png,1
11939.png,1
13896.png,2
14000.png,3
10965.png,3
11826.png,2
11932.png,1
15008.png,1
14067.png,3
13402.png,3
12856.png,1
10529.png,1
13462.png,1
11636.png,1
11027.png,3
12028.png,3
13737.png,3
10888.png,1
10781.png,1
12809.png,1
12603.png,3
10108.png,1
11379.png,1
12774.png,3
12082.png,3
13236.png,1
11917.png,3
14087.png,1
11318.png,3
11024.png,0
11626.png,3
12098.png,3
14644.png,1
12198.png,1
13334.png,1
12822.png,1
13267.png,0
14747.png,1
11928.png,1
10231.png,1
12927.png,1
10733.png,1
12778.png,1
12521.png,3
13010.png,1
12237.png,1
10944.png,3
12358.png,1
10948.png,3
11237.png,3
11669.png,1
10034.png,3
13656.png,3
12698.png,3
14410.png,1
12176.png,1
10428.png,1
10098.png,1
12001.png,3
10854.png,1
12691.png,3
14120.png,1
13475.png,1
13432.png,3
10681.png,1
14605.png,1
11089.png,3
11088.png,1
12740.png,3
10523.png,1
12316.png,1
11943.png,3
10164.png,3
13393.png,3
10449.png,3
14191.png,1
13254.png,0
11628.png,2
14600.png,3
13641.png,1
14206.png,2
14475.png,1
12166.png,1
12299.png,3
13842.png,1
13625.png,3
11649.png,3
15041.png,0
14674.png,1
13232.png,1
13161.png,2
11190.png,2
14347.png,1
14963.png,1
12626.png,1
11849.png,1
13537.png,1
11521.png,3
14046.png,1
13760.png,3
12551.png,3
13945.png,2
10380.png,3
13377.png,1
13453.png,3
11919.png,1
10423.png,1
13870.png,1
10815.png,3
12541.png,1
14652.png,1
10361.png,1
13757.png,3
11879.png,1
10278.png,1
14851.png,3
11474.png,3
11705.png,3
13524.png,3
13057.png,1
14729.png,1
12400.png,3
10462.png,3
11935.png,2
11077.png,3
12182.png,1
11222.png,1
12162.png,1
10585.png,1
13534.png,2
14987.png,1
12630.png,1
14489.png,3
12183.png,1
13091.png,2
11663.png,3
12495.png,3
13851.png,1
14822.png,1
12238.png,1
14973.png,3
11145.png,3
10649.png,3
13424.png,3
13557.png,3
11693.png,3
11203.png,2
11335.png,1
12975.png,2
10890.png,1
13162.png,3
10275.png,2
14953.png,1
13979.png,2
11575.png,3
10600.png,3
14174.png,1
10384.png,1
12593.png,1
14881.png,1
10818.png,2
14678.png,3
12781.png,1
12181.png,1
11016.png,3
13922.png,1
14871.png,3
10151.png,1
11689.png,3
11714.png,1
14985.png,0
14317.png,1
10127.png,1
10314.png,3
11380.png,1
14819.png,0
13615.png,3
13401.png,1
11354.png,0
11527.png,1
13975.png,1
11514.png,1
14374.png,0
14745.png,3
12188.png,3
14182.png,3
13250.png,1
14952.png,1
11937.png,1
11522.png,1
11785.png,3
12605.png,1
10116.png,2
14874.png,1
14270.png,2
10749.png,1
10643.png,3
11459.png,1
11274.png,1
14047.png,1
14349.png,1
13170.png,1
12443.png,3
13097.png,1
10581.png,3
14900.png,3
10980.png,1
11218.png,3
10313.png,2
10618.png,1
13350.png,1
10267.png,1
10648.png,3
10405.png,3
12696.png,1
11069.png,0
13958.png,1
10555.png,1
10937.png,1
11610.png,1
10484.png,1
12839.png,3
13719.png,3
10050.png,1
10393.png,3
11616.png,2
14808.png,1
10793.png,1
12518.png,1
13549.png,3
13652.png,1
14178.png,3
14842.png,1
10239.png,3
10319.png,1
14437.png,3
11472.png,1
10471.png,3
10504.png,3
11944.png,3
13599.png,1
10453.png,3
11374.png,1
11114.png,2
10073.png,3
12653.png,3
13173.png,1
12097.png,1
12147.png,1
14237.png,3
11280.png,3
13127.png,1
10757.png,1
13309.png,1
10385.png,2
14284.png,3
13411.png,3
13351.png,1
11858.png,1
13052.png,1
12303.png,3
13175.png,1
14716.png,1
12951.png,3
14367.png,1
12690.png,0
10839.png,1
12341.png,1
12657.png,1
11763.png,2
10898.png,1
12611.png,1
12801.png,3
10387.png,3
10590.png,1
12190.png,3
10192.png,3
10676.png,1
10711.png,2
10196.png,1
13064.png,3
11279.png,0
13819.png,1
14592.png,1
14609.png,1
14171.png,3
13698.png,1
14254.png,1
13090.png,1
11571.png,1
10771.png,3
13773.png,3
10542.png,3
10846.png,1
12592.png,0
10817.png,3
13211.png,1
14957.png,1
14443.png,3
14332.png,2
12526.png,1
14776.png,1
12509.png,1
14097.png,3
13558.png,2
13185.png,1
13153.png,1
13024.png,1
14954.png,1
12633.png,3
14685.png,3
13120.png,3
12137.png,1
13791.png,1
12912.png,3
14051.png,3
11670.png,1
14762.png,1
13577.png,1
10395.png,1
14189.png,0
11517.png,1
14017.png,1
12375.png,1
13362.png,3
10401.png,1
13483.png,1
14100.png,3
12277.png,0
11523.png,1
13653.png,1
13519.png,3
14476.png,3
12829.png,1
14917.png,1
12210.png,1
13554.png,1
10061.png,1
14722.png,3
10203.png,3
11540.png,2
12131.png,1
10379.png,3
11816.png,1
11562.png,3
11794.png,1
13044.png,1
14979.png,1
10122.png,3
10132.png,3
10976.png,2
13136.png,1
11463.png,1
10228.png,3
13218.png,3
10940.png,1
13586.png,1
12124.png,3
11288.png,3
11414.png,1
10592.png,2
14302.png,2
10158.png,1
10174.png,1
11083.png,1
11755.png,1
13063.png,1
14356.png,1
12946.png,1
14683.png,1
11420.png,1
10165.png,2
13965.png,1
14004.png,1
11969.png,3
12014.png,1
12002.png,3
10927.png,1
12907.png,1
12392.png,1
14523.png,3
13342.png,1
12301.png,3
12550.png,1
14463.png,1
12090.png,2
13284.png,3
13529.png,1
13356.png,1
12352.png,3
13488.png,2
10372.png,3
10675.png,0
14977.png,3
12395.png,1
10148.png,1
14078.png,3
11134.png,1
11308.png,3
11479.png,1
10014.png,1
11933.png,1
11745.png,2
13801.png,1
10849.png,3
11585.png,3
11797.png,1
13662.png,1
10549.png,3
11272.png,2
14184.png,1
13430.png,2
14301.png,1
14859.png,1
14898.png,3
12387.png,3
14820.png,1
12683.png,3
13936.png,1
14534.png,2
14794.png,3
11744.png,1
11248.png,1
11497.png,1
11867.png,3
10999.png,1
12707.png,1
10360.png,1
10041.png,3
12578.png,3
10182.png,1
12133.png,2
11494.png,2
12511.png,3
13885.png,1
10357.png,1
12289.png,3
12092.png,0
10732.png,1
12768.png,3
10667.png,1
14549.png,3
10699.png,3
13713.png,1
11560.png,1
13172.png,1
11086.png,1
14389.png,1
11312.png,2
10657.png,3
10652.png,0
11897.png,3
12893.png,0
14726.png,3
13110.png,3
11753.png,1
11552.png,1
13704.png,1
10262.png,1
15034.png,1
13847.png,1
14640.png,1
10100.png,3
11979.png,1
11538.png,1
11640.png,3
13754.png,1
14293.png,3
11988.png,1
14162.png,1
11382.png,3
11032.png,3
10582.png,3
11019.png,1
10362.png,3
11998.png,1
10545.png,3
13959.png,1
11910.png,3
11964.png,2
13932.png,1
12840.png,2
13414.png,3
13268.png,1
14613.png,1
10005.png,3
14705.png,1
13490.png,0
11703.png,1
12786.png,1
10029.png,2
10714.png,1
14439.png,3
10800.png,1
13005.png,1
10952.png,3
10460.png,3
12986.png,1
12164.png,1
12430.png,1
14693.png,1
12717.png,3
13520.png,1
11141.png,3
10727.png,1
11748.png,1
13390.png,1
14831.png,3
13506.png,3
11197.png,2
13589.png,3
12359.png,3
11706.png,1
13722.png,1
10758.png,3
11967.png,0
14856.png,1
10508.png,3
10190.png,3
12459.png,3
11750.png,3
10936.png,3
13846.png,1
13208.png,3
13666.png,1
10144.png,1
13028.png,2
10836.png,1
11148.png,1
13661.png,1
10317.png,1
12047.png,1
10303.png,0
11171.png,1
10109.png,3
10390.png,3
12216.png,1
12715.png,3
14150.png,3
13881.png,2
14832.png,1
11057.png,3
11376.png,3
13011.png,2
11361.png,3
10970.png,3
14333.png,1
13372.png,3
10968.png,1
14312.png,3
14804.png,1
13707.png,0
14328.png,1
13497.png,1
11994.png,1
12660.png,2
14922.png,1
11503.png,1
12512.png,3
10162.png,3
10290.png,3
12676.png,1
12849.png,1
13060.png,3
12417.png,0
13479.png,1
13678.png,3
13302.png,1
11068.png,3
11892.png,3
13897.png,2
10325.png,1
11178.png,1
13066.png,1
14552.png,2
10961.png,1
13037.png,0
13366.png,3
11205.png,1
12072.png,1
13674.png,1
11629.png,1
14895.png,1
12349.png,2
12078.png,3
14096.png,1
10049.png,3
14124.png,1
10919.png,3
12064.png,1
11908.png,1
14839.png,1
11315.png,2
13293.png,3
14688.png,3
14152.png,1
13948.png,3
14118.png,3
10820.png,0
11697.png,1
12108.png,1
12888.png,1
12747.png,0
11619.png,1
13504.png,3
10587.png,1
14434.png,1
11886.png,1
14146.png,1
12011.png,3
13002.png,3
13541.png,1
12401.png,1
11601.png,1
12462.png,3
13762.png,1
10730.png,1
14779.png,1
12712.png,1
13339.png,3
11730.png,2
14274.png,3
11336.png,1
12842.png,1
14699.png,1
14769.png,1
10265.png,3
14148.png,2
12991.png,3
13387.png,2
10933.png,3
10221.png,3
11690.png,3
11349.png,3
12722.png,1
14137.png,2
14694.png,1
11136.png,1
10984.png,3
14200.png,3
11431.png,3
12057.png,0
10895.png,1
12990.png,2
11353.png,1
13392.png,3
11456.png,1
11174.png,1
12328.png,1
13486.png,3
10767.png,1
14580.png,1
12901.png,3
14708.png,3
14094.png,2
14655.png,1
10105.png,1
14919.png,3
10795.png,2
14407.png,1
10169.png,3
11614.png,1
12480.png,3
11247.png,3
12262.png,1
13222.png,1
11793.png,1
13158.png,3
13269.png,2
13395.png,2
10887.png,1
13141.png,0
15012.png,3
11487.png,1
12155.png,3
11594.png,1
14323.png,1
13981.png,1
11233.png,1
10981.png,3
11682.png,3
10658.png,3
10117.png,3
10683.png,3
12754.png,1
13192.png,1
12477.png,1
14412.png,1
11224.png,1
11060.png,1
14802.png,3
12476.png,1
11166.png,3
11978.png,3
12199.png,1
12025.png,1
13544.png,3
13358.png,1
12101.png,3
12679.png,1
13913.png,3
14521.png,1
14910.png,3
14417.png,1
14738.png,1
11555.png,3
14140.png,3
11183.png,1
12787.png,3
12167.png,1
13360.png,3
15024.png,2
10292.png,3
10260.png,1
14968.png,3
13636.png,1
10791.png,1
10202.png,3
13921.png,1
12972.png,3
11229.png,1
12686.png,3
14062.png,1
11905.png,1
10726.png,1
11303.png,2
11426.png,1
11895.png,2
11144.png,1
14885.png,1
13167.png,1
10410.png,3
11091.png,2
12919.png,3
13721.png,3
10605.png,3
13292.png,1
13501.png,1
10469.png,3
10244.png,0
13624.png,1
14024.png,1
12844.png,1
11950.png,1
11040.png,1
11028.png,1
11613.png,1
10715.png,2
14252.png,3
13635.png,1
10931.png,3
14195.png,3
10858.png,3
14226.png,3
11302.png,1
14925.png,1
12612.png,3
11286.png,3
12587.png,2
14681.png,3
14986.png,1
14635.png,1
10306.png,2
11051.png,3
13626.png,1
11120.png,1
10102.png,1
10400.png,1
12970.png,1
12043.png,1
11809.png,3
13288.png,1
10707.png,3
13204.png,3
10992.png,1
12215.png,1
12171.png,0
13032.png,1
14029.png,3
12454.png,1
12342.png,2
10870.png,0
12285.png,1
12961.png,1
12987.png,3
13480.png,1
13689.png,1
13193.png,1
11683.png,1
14913.png,3
14057.png,1
10826.png,1
13552.png,2
12118.png,1
12287.png,3
11738.png,1
12706.png,1
10861.png,3
12685.png,1
10201.png,1
10136.png,1
12067.png,1
12540.png,2
11983.png,3
10780.png,1
12998.png,3
10701.png,1
11709.png,1
11537.png,1
14846.png,1
10909.png,3
14995.png,3
14500.png,1
13926.png,1
14495.png,3
14238.png,1
13429.png,2
13115.png,3
14457.png,3
12853.png,3
12924.png,3
12274.png,1
10474.png,3
14530.png,3
10307.png,1
12819.png,3
12339.png,1
14392.png,1
11548.png,1
14890.png,1
11934.png,3
13330.png,0
12833.png,1
14996.png,2
13834.png,1
14626.png,1
14950.png,3
14658.png,1
12675.png,3
11561.png,2
13970.png,1
13135.png,1
10293.png,3
11873.png,1
14847.png,1
14766.png,3
10761.png,3
11837.png,3
14517.png,1
11725.png,1
12265.png,1
10690.png,1
12268.png,3
14711.png,1
13972.png,1
12135.png,1
11257.png,3
12390.png,2
11096.png,3
12096.png,3
13836.png,1
10710.png,3
14942.png,0
14229.png,2
13476.png,3
14038.png,3
10801.png,1
10630.png,1
14984.png,3
14507.png,3
10207.png,1
11959.png,1
10515.png,3
11480.png,0
11085.png,0
13003.png,3
13491.png,1
11329.png,3
13150.png,3
13739.png,1
11512.png,1
13747.png,1
13677.png,3
12291.png,1
12472.png,3
13772.png,1
12800.png,3
11425.png,1
11603.png,1
13603.png,1
14989.png,2
13187.png,1
12647.png,1
10004.png,3
14090.png,1
12841.png,1
14433.png,3
11281.png,0
10866.png,3
14002.png,3
11216.png,3
10398.png,1
14586.png,2
10142.png,1
12767.png,1
10220.png,1
12315.png,1
10175.png,1
10575.png,1
10719.png,3
12336.png,0
13261.png,3
10766.png,0
11186.png,1
12397.png,1
11968.png,1
11046.png,3
11951.png,1
11310.png,3
12527.png,1
11662.png,1
12442.png,1
11559.png,3
10291.png,3
14105.png,1
11385.png,1
12954.png,3
10250.png,2
14327.png,1
12209.png,3
14297.png,2
12769.png,1
11002.png,1
12981.png,3
13864.png,1
10079.png,1
14242.png,3
10739.png,1
10229.png,3
11817.png,3
12024.png,1
14599.png,1
15016.png,3
12432.png,1
11061.png,2
10833.png,1
11875.png,1
11221.png,1
13278.png,3
12565.png,1
10562.png,1
14484.png,2
11473.png,0
13769.png,3
12614.png,3
12548.png,3
12335.png,1
10871.png,2
14783.png,1
13878.png,3
12639.png,3
11039.png,0
10697.png,1
11367.png,1
13617.png,3
12338.png,1
10323.png,1
14720.png,3
13119.png,1
10268.png,3
13627.png,2
13355.png,3
10368.png,1
12875.png,0
10567.png,3
12871.png,2
14598.png,3
14880.png,2
13990.png,3
12510.png,1
12213.png,1
11501.png,1
10063.png,3
13134.png,3
13094.png,0
14204.png,3
12952.png,3
11704.png,3
13947.png,3
10899.png,3
11268.png,2
14816.png,0
12394.png,1
12134.png,3
11481.png,3
13857.png,3
14548.png,1
12640.png,1
11653.png,3
12255.png,1
10669.png,1
10903.png,1
11299.png,1
11416.png,1
10736.png,1
14618.png,1
14945.png,1
12644.png,1
13776.png,1
13621.png,1
13126.png,0
12797.png,2
11929.png,3
13459.png,3
15023.png,2
11227.png,2
11116.png,1
12777.png,1
10383.png,3
14886.png,3
11260.png,1
13845.png,1
13601.png,1
14403.png,2
10687.png,2
11491.png,3
11688.png,3
11958.png,1
10072.png,3
10814.png,1
10046.png,3
13420.png,1
13543.png,1
10441.png,1
14513.png,1
12969.png,1
12282.png,1
11955.png,3
13818.png,1
13895.png,1
13207.png,3
13164.png,1
13774.png,0
14383.png,1
11165.png,1
11038.png,1
11355.png,1
12008.png,1
12790.png,1
13784.png,1
11094.png,1
11432.png,3
11410.png,1
11609.png,3
11806.png,1
13968.png,1
10967.png,3
10995.png,1
11249.png,1
10851.png,1
14595.png,1
10333.png,2
14409.png,1
12535.png,1
12851.png,1
10723.png,1
13376.png,3
13370.png,1
11123.png,3
14869.png,0
15022.png,3
12866.png,3
10039.png,3
11041.png,1
13419.png,3
14573.png,1
14662.png,1
13272.png,3
11450.png,2
11686.png,1
13262.png,3
11293.png,1
14408.png,1
14060.png,3
13889.png,1
13887.png,1
12448.png,1
10900.png,3
10807.png,1
12559.png,3
11342.png,3
12207.png,1
13438.png,1
14102.png,3
13313.png,1
14920.png,3
10021.png,3
13361.png,3
12557.png,3
12636.png,1
10426.png,1
12020.png,3
14345.png,1
14803.png,1
10521.png,3
14084.png,1
11786.png,2
12434.png,3
11317.png,0
13668.png,2
14098.png,3
11022.png,3
14335.png,3
11535.png,1
14771.png,1
13989.png,1
12720.png,1
11742.png,1
13322.png,3
13551.png,1
11202.png,3
12941.png,1
10271.png,3
11734.png,1
13667.png,3
14667.png,1
13939.png,3
14903.png,1
13042.png,1
14835.png,1
12035.png,3
13340.png,1
14511.png,3
12936.png,3
13019.png,1
13367.png,1
12497.png,2
14079.png,3
13456.png,1
12083.png,0
14458.png,1
13595.png,1
10252.png,3
15014.png,2
15011.png,3
15040.png,2
11783.png,1
11965.png,3
11866.png,3
14863.png,1
14316.png,3
14494.png,0
14524.png,1
10660.png,3
12820.png,1
10950.png,1
12498.png,3
14561.png,1
14546.png,1
13260.png,3
12610.png,3
12398.png,1
14958.png,3
10602.png,1
14647.png,3
12542.png,3
11630.png,1
10450.png,3
10594.png,1
14049.png,2
13587.png,0
14108.png,2
13569.png,1
14486.png,2
13911.png,3
14629.png,1
13830.png,1
11985.png,1
10381.png,1
12426.png,1
11906.png,3
13007.png,1
12730.png,3
11262.png,3
14691.png,2
14510.png,3
12752.png,3
12826.png,1
11242.png,0
13324.png,1
14315.png,1
11230.png,3
10689.png,1
11154.png,1
14043.png,3
11273.png,3
12127.png,1
11289.png,2
10520.png,3
12771.png,1
11760.png,1
10704.png,3
13101.png,3
11825.png,1
14556.png,3
11729.png,1
14499.png,1
10916.png,1
10852.png,3
10018.png,1
11001.png,1
14610.png,1
13684.png,1
11684.png,1
14294.png,1
14033.png,1
13197.png,1
10805.png,1
14375.png,1
10753.png,1
12049.png,1
14876.png,3
13750.png,1
12425.png,1
10822.png,1
13929.png,3
10700.png,3
11574.png,3
11087.png,1
10813.png,1
14112.png,0
10227.png,1
10284.png,3
13080.png,1
12933.png,3
10595.png,1
13021.png,3
11340.png,1
13196.png,3
13102.png,3
14125.png,1
12409.png,3
10686.png,2
14023.png,0
12222.png,3
14539.png,3
10589.png,1
11357.png,3
11065.png,2
11596.png,2
13225.png,1
11581.png,3
12200.png,3
13611.png,1
13884.png,1
13512.png,3
14911.png,3
10843.png,1
15028.png,1
14974.png,3
10386.png,1
14858.png,1
10906.png,1
10339.png,1
10331.png,1
13561.png,2
12158.png,1
11920.png,1
14050.png,1
11381.png,1
13746.png,3
13591.png,3
14101.png,1
14453.png,1
15033.png,3
10945.png,1
13880.png,3
12507.png,1
12214.png,1
13407.png,3
14085.png,1
11947.png,1
12228.png,3
13301.png,1
10574.png,3
14194.png,0
10889.png,2
13017.png,1
13863.png,3
13699.png,3
12114.png,3
11043.png,3
12861.png,1
10057.png,0
11952.png,1
10905.png,1
14234.png,1
10247.png,1
14883.png,1
10946.png,1
10310.png,2
12613.png,3
11350.png,1
10486.png,0
10454.png,1
10604.png,1
12100.png,3
10420.png,1
10477.png,3
13515.png,3
12968.png,1
10289.png,1
12208.png,3
12963.png,3
14501.png,2
11151.png,1
11228.png,1
12334.png,1
12337.png,3
10569.png,3
11206.png,2
14165.png,1
13242.png,0
14240.png,1
13764.png,3
10709.png,1
15036.png,3
15015.png,1
13727.png,3
11442.png,1
13280.png,2
10199.png,1
10579.png,1
12194.png,1
12421.png,2
13564.png,3
12928.png,1
14039.png,3
11771.png,3
14615.png,3
14169.png,1
11651.png,1
10993.png,1
10406.png,3
13821.png,3
11900.png,1
10644.png,1
12959.png,1
12017.png,3
11271.png,1
13572.png,1
13687.png,1
10155.png,1
13336.png,1
14782.png,3
12109.png,1
10857.png,1
11940.png,3
13593.png,1
10943.png,1
10796.png,3
13083.png,3
12070.png,1
13694.png,1
11692.png,2
12678.png,3
13584.png,3
10375.png,1
14931.png,3
12564.png,3
11195.png,1
11855.png,1
13860.png,3
11261.png,1
12126.png,3
12789.png,1
13495.png,3
12231.png,1
10110.png,1
12909.png,3
13749.png,3
13020.png,3
11505.png,0
12898.png,3
14648.png,3
10499.png,1
11072.png,3
11345.png,3
12700.png,1
13835.png,3
10845.png,1
13654.png,3
12021.png,1
10024.png,3
12275.png,2
13264.png,0
14250.png,1
10308.png,3
12773.png,3
12313.png,1
10718.png,1
12766.png,3
13046.png,1
14992.png,1
11815.png,3
12296.png,3
12453.png,3
13311.png,1
14185.png,2
10015.png,1
14021.png,1
12863.png,1
14318.png,3
10745.png,3
10584.png,1
13670.png,3
14617.png,3
11404.png,3
11478.png,0
13431.png,1
11269.png,3
14361.png,3
10678.png,1
11591.png,1
10506.png,3
14481.png,1
12418.png,3
13892.png,1
11739.png,1
11300.png,3
14203.png,0
12478.png,2
12573.png,3
14962.png,1
10724.png,3
14543.png,3
13987.png,0
13809.png,1
14908.png,3
14763.png,1
11101.png,1
14063.png,3
12116.png,3
13579.png,0
11796.png,3
13919.png,1
11835.png,1
14064.png,3
12749.png,1
11579.png,1
10803.png,1
10882.png,3
14144.png,3
12271.png,3
10951.png,3
12458.png,1
10885.png,3
14385.png,1
12120.png,3
12179.png,3
12886.png,0
14594.png,1
12486.png,3
13596.png,1
14800.png,1
11319.png,1
12145.png,1
10566.png,2
12379.png,3
14081.png,1
11387.png,3
12632.png,3
14497.png,0
13620.png,3
11397.png,1
13154.png,1
14855.png,1
14604.png,1
10748.png,1
13369.png,3
10246.png,2
11093.png,0
14058.png,3
13924.png,1
11526.png,3
11014.png,0
12404.png,1
13312.png,2
12491.png,1
13991.png,1
10750.png,1
14848.png,1
14969.png,1
11180.png,3
11169.png,1
11666.png,1
11715.png,2
13808.png,3
11496.png,1
13025.png,0
12367.png,1
13245.png,3
12709.png,3
11726.png,0
10625.png,3
12825.png,3
13983.png,1
12103.png,1
14241.png,1
14682.png,1
13000.png,2
13783.png,1
14852.png,1
12086.png,3
12596.png,1
11587.png,1
10596.png,1
12646.png,3
14072.png,3
12522.png,3
12403.png,3
11110.png,3
10591.png,0
10525.png,1
10356.png,3
14559.png,3
12966.png,2
14867.png,1
11770.png,3
10146.png,3
10953.png,3
10963.png,1
10516.png,3
14466.png,3
12858.png,0
14177.png,1
13233.png,1
11525.png,3
10419.png,3
13106.png,1
10650.png,3
11942.png,3
11283.png,1
10572.png,3
11488.png,3
11840.png,3
10735.png,1
13725.png,1
14806.png,3
10522.png,3
10989.png,3
14940.png,3
13444.png,3
11899.png,0
13693.png,1
10404.png,3
13331.png,3
12695.png,3
14230.png,3
10145.png,1
11698.png,3
14893.png,1
14135.png,1
14541.png,2
10930.png,1
10770.png,1
13755.png,3
12529.png,1
11891.png,1
13298.png,3
14188.png,1
10607.png,1
10394.png,1
12530.png,1
11648.png,3
14423.png,3
14784.png,1
10409.png,0
11823.png,0
11244.png,3
14164.png,0
12591.png,3
11782.png,1
13485.png,1
11634.png,2
14569.png,1
13898.png,0
10237.png,3
10415.png,1
13386.png,3
11146.png,0
13143.png,3
13531.png,1
10251.png,1
12887.png,3
12643.png,3
12588.png,1
10337.png,1
10925.png,1
13649.png,3
13168.png,2
11772.png,1
13663.png,3
10033.png,3
10659.png,1
14014.png,2
13294.png,1
13829.png,1
13320.png,3
13633.png,1
11446.png,1
12916.png,3
10067.png,3
11004.png,1
12703.png,1
10429.png,1
13190.png,1
14419.png,3
10850.png,1
11358.png,1
14959.png,3
14246.png,1
12862.png,3
10191.png,1
13925.png,3
14932.png,3
11852.png,1
14845.png,1
14196.png,1
13665.png,1
12475.png,1
12241.png,3
14492.png,1
14966.png,1
12427.png,1
13068.png,3
12071.png,0
12798.png,3
11593.png,1
12878.png,3
13353.png,3
10892.png,0
14823.png,0
10694.png,1
13803.png,1
12010.png,1
10168.png,3
11182.png,3
14585.png,1
14228.png,1
10783.png,1
13538.png,3
10032.png,1
12186.png,1
11936.png,1
13327.png,1
12788.png,3
14728.png,1
10030.png,3
10328.png,1
11954.png,0
12007.png,1
14180.png,1
14190.png,1
11276.png,3
12659.png,2
10417.png,1
12638.png,2
10177.png,1
11278.png,1
12220.png,3
10601.png,3
10738.png,1
11925.png,1
12363.png,3
11159.png,3
10934.png,3
14009.png,3
13194.png,3
12074.png,1
10075.png,3
11048.png,0
12980.png,1
13794.png,3
14281.png,3
14354.png,3
11104.png,2
14071.png,3
13609.png,3
10197.png,2
12563.png,2
14792.png,3
12413.png,3
14300.png,3
13590.png,3
11018.png,0
11055.png,1
14056.png,1
14364.png,1
13373.png,1
12402.png,3
12967.png,1
12031.png,1
12437.png,1
11266.png,2
10878.png,3
12947.png,1
11710.png,1
11162.png,3
12252.png,1
14216.png,3
14181.png,1
12063.png,1
12019.png,3
14503.png,1
14422.png,3
10444.png,0
13263.png,1
13006.png,3
10754.png,1
10455.png,1
14799.png,3
10816.png,1
10863.png,1
14462.png,3
14268.png,3
14344.png,1
12569.png,1
11509.png,1
13700.png,3
10721.png,3
10099.png,0
12168.png,2
12579.png,1
10509.png,3
14946.png,3
13680.png,3
13279.png,3
13797.png,1
13318.png,1
13048.png,1
10613.png,3
12556.png,1
12055.png,3
14710.png,3
14438.png,2
10798.png,3
14666.png,2
12943.png,1
10519.png,2
12243.png,3
12865.png,1
10550.png,3
14113.png,1
11325.png,3
12399.png,1
14431.png,1
14714.png,3
11424.png,2
14256.png,1
14732.png,3
10355.png,1
11918.png,1
10932.png,1
10825.png,2
11149.png,1
11219.png,0
10671.png,0
13059.png,2
12741.png,1
11147.png,3
12300.png,3
14307.png,3
15009.png,3
11294.png,1
10729.png,3
10097.png,3
10336.png,1
13525.png,1
13703.png,3
14905.png,1
12566.png,0
11801.png,3
12143.png,2
11839.png,3
14220.png,1
13613.png,2
10974.png,3
14690.png,1
14909.png,1
11878.png,1
12719.png,3
13903.png,1
14707.png,3
12062.png,1
12455.png,3
11553.png,3
12860.png,3
10679.png,0
14656.png,1
12318.png,0
12140.png,1
11655.png,1
11054.png,3
11215.png,1
12796.png,1
10785.png,1
10537.png,3
14815.png,1
11223.png,1
13527.png,3
12469.png,2
12466.png,1
14607.png,1
10053.png,3
13347.png,1
14918.png,1
10685.png,3
11098.png,1
10238.png,1
11033.png,1
10684.png,1
12953.png,1
10487.png,3
10128.png,2
12009.png,1
14550.png,1
11429.png,1
10832.png,1
13220.png,3
10666.png,3
15032.png,3
12353.png,1
11841.png,1
10969.png,2
10392.png,1
12130.png,1
10438.png,3
11084.png,1
13047.png,0
12549.png,3
10641.png,3
13352.png,3
11172.png,3
13940.png,3
14469.png,3
10479.png,2
10298.png,3
13992.png,1
13516.png,0
12891.png,1
12106.png,1
14479.png,2
13800.png,1
13428.png,1
11747.png,1
10488.png,3
11445.png,1
13509.png,3
13574.png,1
12350.png,0
10346.png,1
11495.png,3
10118.png,2
10586.png,1
11075.png,3
13573.png,1
12864.png,0
14193.png,3
13072.png,1
13296.png,1
10123.png,3
10087.png,1
12765.png,3
12568.png,1
12859.png,1
11600.png,3
13062.png,3
13345.png,3
13853.png,3
11645.png,3
11133.png,3
11948.png,0
14231.png,1
11909.png,1
12027.png,3
10088.png,3
10276.png,1
14887.png,3
12533.png,1
13517.png,3
13533.png,1
10402.png,1
13849.png,3
14941.png,3
12308.png,0
12424.png,1
14280.png,0
14560.png,2
12489.png,3
12422.png,1
13061.png,0
13335.png,0
14836.png,1
10869.png,1
12791.png,2
13394.png,3
13474.png,3
12694.png,1
13118.png,1
14997.png,1
14670.png,2
10646.png,2
10283.png,1
10152.png,1
13252.png,1
14663.png,2
14055.png,1
13117.png,3
10241.png,3
11784.png,3
13614.png,1
12552.png,0
10527.png,1
13096.png,2
11798.png,1
11129.png,1
10074.png,1
12175.png,3
11774.png,1
10955.png,3
12449.png,3
11412.png,3
14630.png,1
13702.png,3
10747.png,1
13715.png,1
12753.png,2
10883.png,3
11013.png,3
14608.png,3
13766.png,3
13984.png,1
11461.png,3
10342.png,1
12290.png,1
13297.png,0
10706.png,1
14365.png,1
10176.png,3
13166.png,0
10412.png,1
11285.png,1
11204.png,2
10200.png,3
13433.png,1
12589.png,1
14119.png,3
11656.png,3
14249.png,1
13559.png,3
11911.png,3
12598.png,1
12984.png,1
13967.png,3
14597.png,1
11871.png,3
14010.png,1
11476.png,2
11844.png,3
14430.png,3
13410.png,3
12734.png,2
13122.png,3
11781.png,1
13216.png,1
10560.png,1
12664.png,2
12650.png,0
10603.png,1
11876.png,1
12571.png,3
14590.png,1
10879.png,0
13576.png,3
14810.png,0
14198.png,3
12178.png,1
10340.png,1
10764.png,2
13427.png,1
12776.png,3
13198.png,1
10921.png,3
12123.png,1
12784.png,3
12052.png,2
12577.png,2
11721.png,1
13841.png,3
13409.png,1
13421.png,3
14446.png,1
14377.png,1
11819.png,1
13357.png,1
13276.png,1
10352.png,1
13478.png,1
10862.png,0
14551.png,1
10511.png,0
10886.png,3
12102.png,1
11995.png,3
15006.png,1
10153.png,1
10273.png,1
13941.png,1
14964.png,1
14749.png,2
12731.png,3
10923.png,3
14572.png,3
11961.png,1
11576.png,1
10682.png,3
12845.png,1
10755.png,1
12029.png,1
11993.png,1
14296.png,3
13669.png,2
12420.png,1
11477.png,1
12314.png,3
14269.png,1
12129.png,3
13930.png,1
13823.png,1
13241.png,1
13435.png,1
13016.png,3
14687.png,3
13915.png,3
15001.png,1
13247.png,1
14372.png,1
11890.png,1
11805.png,3
10388.png,3
12775.png,1
13223.png,3
10911.png,0
13157.png,1
10692.png,1
12000.png,3
15031.png,1
10552.png,2
11924.png,1
13781.png,1
13974.png,1
13672.png,1
11398.png,1
12414.png,0
14208.png,2
12053.png,1
11569.png,3
14533.png,1
13364.png,3
14706.png,3
11510.png,1
13607.png,3
12119.png,3
13582.png,1
14298.png,1
10983.png,3
13148.png,1
11452.png,1
10012.png,1
12172.png,0
14790.png,1
13931.png,1
11127.png,3
13300.png,0
13608.png,1
12945.png,1
12416.png,3
14382.png,1
11194.png,3
11814.png,1
14211.png,1
11664.png,1
10248.png,1
11633.png,3
12759.png,3
14278.png,1
13718.png,3
11865.png,3
14007.png,2
10173.png,1
14070.png,3
10266.png,3
14568.png,1
14982.png,0
13859.png,3
10535.png,1
12372.png,3
11131.png,1
10439.png,1
11109.png,3
12084.png,1
11657.png,1
12253.png,3
10608.png,3
11490.png,3
12902.png,1
14042.png,3
13397.png,1
11921.png,2
10183.png,2
11441.png,2
13571.png,3
10295.png,1
10947.png,3
12832.png,1
12918.png,3
10287.png,3
12354.png,1
14620.png,3
12537.png,2
11926.png,3
12295.png,3
14981.png,1
14227.png,1
10510.png,1
13566.png,0
14567.png,3
14092.png,3
11304.png,2
14602.png,3
11717.png,3
11622.png,3
12599.png,3
10693.png,3
14785.png,1
11066.png,3
13708.png,0
13259.png,3
12514.png,2
14636.png,3
14261.png,2
11000.png,3
10935.png,3
12473.png,1
14139.png,3
11435.png,3
14529.png,1
10103.png,0
11455.png,3
10092.png,3
11339.png,1
13583.png,0
14166.png,2
13604.png,3
10875.png,1
14290.png,1
13056.png,1
11105.png,1
11124.png,3
14875.png,2
13848.png,1
14532.png,1
10996.png,3
10350.png,1
12212.png,1
14709.png,1
11311.png,3
13927.png,3
11321.png,3
11647.png,3
10864.png,1
11504.png,1
10844.png,1
15005.png,2
12555.png,1
13079.png,1
11677.png,3
10095.png,3
10917.png,3
10382.png,1
13116.png,1
11646.png,0
14350.png,1
10680.png,1
13780.png,3
11775.png,1
14520.png,0
10973.png,1
14121.png,3
14456.png,1
10028.png,1
12094.png,1
12725.png,0
13265.png,3
10949.png,1
14752.png,1
10751.png,1
11351.png,1
14975.png,1
11108.png,1
11115.png,2
12835.png,3
14346.png,3
14544.png,1
13243.png,1
12377.png,3
11644.png,3
12585.png,1
13865.png,1
13374.png,1
10235.png,2
14339.png,0
13995.png,1
13705.png,1
11608.png,1
14788.png,2
13602.png,1
13181.png,3
13228.png,3
14478.png,3
10907.png,3
10627.png,1
10638.png,1
14692.png,3
12232.png,3
14415.png,1
12810.png,1
11930.png,1
10359.png,1
14040.png,1
13782.png,0
11373.png,1
11590.png,3
11716.png,0
13761.png,3
11547.png,1
13598.png,1
13682.png,1
10642.png,1
11331.png,1
14538.png,1
13726.png,3
11153.png,1
12382.png,3
14319.png,1
10329.png,1
12089.png,1
12616.png,1
12065.png,3
12553.png,1
13034.png,3
10824.png,3
12562.png,3
13966.png,3
12042.png,1
13203.png,3
14454.png,3
14091.png,3
12242.png,1
14742.png,3
14025.png,1
11975.png,1
14564.png,3
10910.png,1
11252.png,3
11584.png,3
12782.png,3
11344.png,3
10055.png,1
10052.png,3
12050.png,3
11080.png,3
11173.png,1
13338.png,1
13093.png,1
10994.png,1
11235.png,3
13555.png,1
13768.png,1
10044.png,1
13470.png,1
11990.png,3
13440.png,1
13730.png,1
13071.png,1
14577.png,3
11976.png,0
14172.png,1
13310.png,3
14337.png,3
11052.png,3
13065.png,3
12371.png,3
10007.png,2
12233.png,1
10513.png,3
10195.png,1
13434.png,3
12538.png,1
11631.png,0
10990.png,3
12520.png,1
13813.png,0
14731.png,1
13176.png,3
10842.png,1
13969.png,1
13732.png,3
10304.png,1
12340.png,3
12904.png,1
13489.png,3
13597.png,3
10524.png,3
14326.png,1
10497.png,2
12355.png,1
12230.png,0
13205.png,3
14566.png,1
10187.png,1
11668.png,1
10114.png,3
14402.png,3
13522.png,1
11642.png,3
14015.png,2
10478.png,0
10773.png,2
12345.png,3
10312.png,1
10078.png,1
14671.png,0
13305.png,3
13539.png,1
13660.png,1
13140.png,1
12528.png,1
11511.png,3
14531.png,3
12115.png,1
13396.png,0
10089.png,3
14730.png,1
14205.png,1
14505.png,3
13146.png,1
13131.png,1
12245.png,1
13447.png,1
12978.png,1
11916.png,1
10543.png,1
12445.png,3
13494.png,2
11812.png,3
11737.png,1
12762.png,1
14862.png,1
11250.png,1
11328.png,1
10914.png,1
12914.png,1
11842.png,1
11042.png,1
12994.png,0
14400.png,0
14103.png,3
12249.png,1
10717.png,1
12594.png,1
10619.png,1
13142.png,1
10184.png,1
12161.png,3
10010.png,3
14837.png,3
11799.png,3
14508.png,3
11676.png,1
14937.png,1
10531.png,1
14606.png,0
10058.png,1
11284.png,3
11848.png,1
10282.png,3
13406.png,3
10746.png,2
14537.png,0
12580.png,3
13827.png,1
12848.png,1
14725.png,3
13775.png,1
12874.png,1
14436.png,3
14444.png,1
12624.png,1
13999.png,3
10180.png,3
11643.png,3
10305.png,1
14834.png,1
10129.png,2
11255.png,2
12836.png,2
14322.png,1
10281.png,3
12673.png,3
12665.png,3
13277.png,1
11421.png,3
10085.png,1
10222.png,1
10133.png,1
11326.png,3
14001.png,1
11440.png,1
12068.png,1
11981.png,1
14313.png,2
14473.png,3
10245.png,0
13562.png,1
10792.png,3
11570.png,2
14471.png,2
14854.png,2
11045.png,3
14465.png,1
13103.png,1
10490.png,1
14673.png,1
13145.png,0
10120.png,1
14054.png,1
12939.png,3
14418.png,1
11138.png,1
11436.png,1
12483.png,1
13471.png,2
10662.png,1
11702.png,3
13214.png,1
12170.png,1
14672.png,3
12298.png,1
14210.png,3
13179.png,3
11447.png,1
11112.png,2
10189.png,1
13177.png,1
11804.png,2
11225.png,1
14406.png,1
12037.png,1
11986.png,1
14207.png,1
14314.png,2
11833.png,3
14780.png,1
14712.png,1
14882.png,3
13530.png,3
13508.png,3
14603.png,1
12993.png,0
12273.png,1
12163.png,1
13645.png,1
14442.png,3
13454.png,1
10080.png,1
10876.png,3
12623.png,2
11301.png,1
14311.png,1
11635.png,1
11419.png,1
10964.png,1
10027.png,1
14519.png,1
12582.png,1
10554.png,1
13304.png,3
11880.png,1
12515.png,1
14370.png,3
11620.png,3
10556.png,1
12617.png,3
13109.png,3
11356.png,2
13152.png,1
10664.png,1
11140.png,3
11314.png,3
11118.png,1
10847.png,3
12075.png,1
10530.png,3
13657.png,1
14496.png,0
14744.png,1
12728.png,1
13258.png,2
14141.png,1
11372.png,3
11541.png,3
12388.png,1
11037.png,2
14601.png,2
13186.png,1
11082.png,3
10326.png,1
10880.png,1
12940.png,1
14770.png,3
13403.png,3
11821.png,3
11550.png,1
11097.png,0
11320.png,3
10181.png,1
10986.png,2
14634.png,3
10526.png,0
12110.png,3
13568.png,3
12036.png,3
12165.png,0
11142.png,1
14170.png,1
13805.png,1
14384.png,1
12900.png,1
11143.png,3
11191.png,3
10364.png,1
14727.png,1
12930.png,1
14223.png,1
12325.png,3
12772.png,0
11680.png,3
14623.png,3
13124.png,3
11029.png,3
14353.png,3
10219.png,3
10166.png,3
11008.png,1
13986.png,1
11674.png,1
14528.png,0
10263.png,1
12770.png,3
12505.png,3
10071.png,3
14142.png,3
11639.png,1
13461.png,1
13316.png,3
13751.png,1
13950.png,3
13460.png,3
12663.png,1
10777.png,3
10156.png,0
12561.png,1
14133.png,1
14259.png,3
14215.png,1
11158.png,3
13451.png,3
12744.png,1
11449.png,3
12802.png,3
12045.png,2
13681.png,1
13317.png,1
12439.png,0
13303.png,0
12269.png,1
13600.png,3
12030.png,3
10668.png,2
10430.png,3
10332.png,1
13618.png,1
11400.png,1
14381.png,0
11888.png,1
14628.png,3
10389.png,1
14122.png,1
14461.png,3
10518.png,3
10217.png,3
11528.png,1
12152.png,3
11392.png,3
10873.png,1
13642.png,1
14073.png,2
14624.png,1
11868.png,1
14059.png,3
10011.png,1
11121.png,1
14797.png,1
10819.png,1
14258.png,3
11076.png,1
10349.png,3
13852.png,1
10514.png,3
12532.png,1
12272.png,1
12937.png,1
13934.png,1
11791.png,2
14480.png,3
11064.png,3
13004.png,3
12648.png,3
12692.png,3
11991.png,3
11023.png,1
14639.png,1
11253.png,3
14518.png,1
14849.png,1
12121.png,3
10064.png,3
14128.png,3
11980.png,1
12456.png,1
14593.png,1
11595.png,1
14878.png,3
10025.png,1
12761.png,3
13639.png,3
13588.png,1
12374.png,3
10744.png,3
14872.png,1
14570.png,3
14741.png,1
14303.png,0
11896.png,2
13365.png,3
15030.png,2
14272.png,2
11977.png,3
10476.png,1
10725.png,3
14405.png,0
11987.png,1
11870.png,1
13631.png,1
12088.png,1
13125.png,1
10068.png,2
10503.png,0
12452.png,0
10609.png,1
11198.png,2
12419.png,0
12332.png,3
10354.png,2
12823.png,1
14991.png,3
10645.png,1
14271.png,1
12737.png,1
14830.png,3
13098.png,1
10470.png,1
13121.png,1
11062.png,1
10835.png,1
11471.png,1
10837.png,1
10640.png,2
12380.png,1
11931.png,3
14160.png,1
12122.png,3
13074.png,2
13935.png,1
12815.png,1
11011.png,3
11338.png,3
10407.png,1
12689.png,1
13100.png,3
12038.png,3
13027.png,1
14795.png,0
10472.png,3
11923.png,3
14760.png,1
10617.png,1
14334.png,3
14411.png,1
11733.png,3
13957.png,1
13785.png,1
13283.png,3
14735.png,1
12060.png,2
14107.png,1
